index,gain,offset
610,1.09296288709,-0.0399789040233
620,1.075798096,-0.0433095363011