index,gain,offset
610,1.09376156344,0.037527186036
620,1.0766847336,0.042801049138