index,gain,offset
610,0.0806896969752,91.8901250065
620,0.762932480295,28.9829634752