index,gain,offset
610,1.09294883618,-0.0432895387322
620,1.07580086283,-0.0402648065869