index,gain,offset
610,0.305147877029,71.5713513635
620,1.69253785414,-56.5992947313