index,gain,offset
610,1.09301937932,-0.0475237918155
620,1.07580153166,-0.0434668806406