index,gain,offset
610,1.09377226489,0.0409375025524
620,1.07669576392,0.0315904755557