index,gain,offset
610,-0.546838432065,449.643473315
620,-0.538281765707,449.647290046