index,gain,offset
610,1.09306158083,-0.055260364801
620,1.07572036544,-0.0334789725174