index,gain,offset
610,1.09378818815,0.0332703124892