index,gain,offset
600,-1.82686394577,0.000343747453116