index,gain,offset
610,1.07418196943,0.0510580323708
620,1.09042202452,0.0432963861925