index,gain,offset
610,1.08065654928,-1.27286959874
620,1.09387768457,-0.663094250566