index,gain,offset
600,1.00499911746,-0.459194591887