index,gain,offset
400,0.999998045265,-0.408590490419
403,0.999999174787,-0.26211253196
407,0.999985190422,-0.330001738488
413,1.00003444552,-0.709756812781
409,1.00003007217,-0.737215187143