index,gain,offset
600,1.00191707065,-0.438602381021