index,gain,offset
610,1.08103919188,-1.38214415518
620,1.09333904219,-0.56336948549