index,gain,offset
600,0.355428152546,-0.00017437826167