index,gain,offset
610,1.07414364812,-0.0287605498772
620,1.09018941878,-0.00195514986199