index,gain,offset
600,1.00424379061,-0.433626579684