index,gain,offset
600,1.00283136431,-0.451387016478