index,gain,offset
600,1.00354449716,-0.000368255268195