index,gain,offset
600,-0.451467238515,0.000494019565165