index,gain,offset
610,1.0954329619,-4.46725836612
620,1.10878757085,-3.40139118922