index,gain,offset
600,1.00278452293,-0.430411020653