index,gain,offset
400,0.999952632414,0.000809543439883
403,0.999981058102,-0.0957681265474
407,0.999959101485,-0.0464517398134
413,1.00001363288,-0.636002869669
409,1.00002294337,-0.657266078942