index,gain,offset
610,1.07412111602,-0.0300529220715
620,1.09021005384,-0.00363739488644