index,gain,offset
610,-1.0929407121,473.881863902
620,nan,nan