index,gain,offset
600,1.00210375116,-0.444642200187