index,gain,offset
600,1.00164357195,-0.451065515587