index,gain,offset
610,1.0740877017,0.0530714487431
620,1.09041912017,0.00990615507089