index,gain,offset
610,1.07396368928,-0.00176928345351
620,nan,nan