index,gain,offset
610,1.07419048637,-0.0408805574548
620,1.09020627575,-0.00145163376421