index,gain,offset
600,1.00319502055,-0.46897372226