index,gain,offset
610,1.07415370427,0.0481270107811
620,1.09039643826,0.0483629279714