index,gain,offset
610,1.03239375457,7.42047878002
620,1.12363368908,-6.03640422687