index,gain,offset
600,1.00340311414,0.0124765459295