index,gain,offset
610,-1.08390419006,471.103514379
620,nan,nan