index,gain,offset
610,1.07424038388,0.0935608617357
620,1.09059309366,0.0653760532581