index,gain,offset
610,1.07411105088,0.0551373053999
620,nan,nan