index,gain,offset
610,1.07416823984,0.0653650691556
620,1.09043756424,0.0453300368797