index,gain,offset
610,1.07219608408,0.431607200425
620,1.08825325967,0.410081314563