index,gain,offset
610,1.07413461353,-0.0053923847772
620,nan,nan