index,gain,offset
610,1.07446297974,-0.0246592676632
620,1.09084173054,-0.0593848510617