index,gain,offset
610,-1.08084994923,469.558158116
620,nan,nan