index,gain,offset
610,1.07419106526,0.107089387305
620,1.09050361678,0.0766384741383