index,gain,offset
600,-0.00951167262072,0.002009889479