index,gain,offset
400,0.999723657945,1.18800357112
403,1.00726707033,0.860172269768
407,0.999724961055,1.49228741626
413,0.999807057875,1.30106713222
409,1.01411386943,1.08037990227