index,gain,offset
600,0.980234312817,-0.291432699723