index,gain,offset
600,1.0030232749,-0.458147695542