index,gain,offset
600,1.00366109711,-0.454264293091