index,gain,offset
610,-1.10803858639,467.761358581
620,nan,nan