index,gain,offset
400,0.999988570193,-0.375381404354
403,0.999998335464,-0.325258781465
407,0.99996097861,0.00162597373035
413,1.00002635743,-0.763151446701
409,1.00003416427,-0.709874527306