index,gain,offset
400,0.999537725106,1.28272338887
403,1.00660967298,1.4207090422
407,0.999490959394,1.50982707033
413,0.999634155254,0.825437553166
409,1.01416106685,1.60518635236