index,gain,offset
610,1.07411182795,-0.00282859746594
620,nan,nan