index,gain,offset
610,1.07849567135,-0.842689849869
620,1.09194877471,-0.287845463278