index,gain,offset
600,0.530269741069,-0.00054692787