index,gain,offset
610,1.09546164016,-4.33493857426
620,1.0929277162,-0.46742918335