index,gain,offset
610,-1.10607255465,469.282357491
620,nan,nan