index,gain,offset
610,1.07954055804,-1.0214936313
620,1.09304556605,-0.457842394068