index,gain,offset
600,1.00235263299,-0.429984074597