index,gain,offset
400,0.999982005294,0.26358692416
403,1.00001450034,-0.0972446482655
407,1.00003246928,0.204457023967
413,1.00002596868,-0.0248152796966
409,1.00001423225,-0.264672276197