index,gain,offset
610,-0.653097591106,369.877660255
620,nan,nan