index,gain,offset
400,1.00002756514,-0.0929555733197
403,1.00001553096,0.000451732929357
407,1.0000465318,-0.00842884373181
413,1.00001143077,0.20662739082
409,1.00003142289,-0.326049942145