index,gain,offset
610,-1.08865489295,473.500093217
620,nan,nan