index,gain,offset
610,1.07425048285,0.0788659856238
620,1.09054218651,0.0754095567145