index,gain,offset
610,1.07412645192,-0.0303989296327
620,1.09020436066,-0.00513900314958