index,gain,offset
610,1.01923065454,11.3645708517
620,1.10070760863,-2.00116143214