index,gain,offset
610,1.08166123556,-1.50074123329
620,1.09387993514,-0.664054684801