index,gain,offset
610,1.08225267488,-1.56273065463
620,1.0945540912,-0.750196439679