index,gain,offset
600,1.00342162662,-0.449735166459