index,gain,offset
610,1.07423258666,0.0185544314113
620,1.09183431774,-0.265656296678