index,gain,offset
610,1.10630244222,-6.06616514217
620,-0.824213602628,368.030542204