index,gain,offset
610,0.421173844044,176.451506215
620,1.09038531654,0.0498184805486