index,gain,offset
610,-1.08360005626,471.043709098
620,nan,nan